{"timeSaved":1645194314.8588002,"options":{"loops":{"timePosition":[2.2323496341705322,0.26199451088905334,-0.0692567527294159,2.466409206390381,-0.25828906893730164,-0.4519660770893097,-0.7679048776626587,2.7690815925598145],"stayInsideBorderCircleForce":[1.0886560678482056,1.0285369157791138,2.469508647918701,0.6028830409049988,1.3717762231826782,0.3921862840652466,2.859529972076416,1.109618067741394],"targetDistanceBetweenAdjacentCurvePoints":[0.561434268951416,0.8460792899131775,0.43626123666763306,2.9790585041046143,0.6552468538284302,1.4969066381454468,0.4537912607192993,2.8588271141052246],"bellBAveMul":[-0.5871152877807617,0.6620333790779114,1.03621244430542,2.2742397785186768,0.7031018137931824,-2.2210731506347656,-2.582571506500244,-0.9248749017715454],"ampAttractIfFartherThan":[-2.2316973209381104,1.9550914764404297,-1.8776845932006836,1.2150633335113525,-1.9776506423950195,1.3351166248321533,2.2782247066497803,2.430649995803833],"attractIfFartherThan":[2.546407699584961,2.506559371948242,1.206519365310669,-2.2460856437683105,0.7548516392707825,-2.4433517456054688,-1.9192531108856201,1.1445825099945068],"ampC":[1.0886560678482056,-2.8575189113616943,1.172444224357605,1.0537842512130737,2.998521566390991,0.8860321044921875,-2.4840126037597656,-0.40859755873680115]},"bootShapeY":0.01,"bootShapeX":0.01,"bootShapeScale":1,"nearPdist":0.046,"friction":0,"loopSeconds":30,"useTimePosition":true,"timePosition":11.073,"timePositionDecay":0.29,"timeSpeed":0.831,"minPointsPerCurve":137,"maxPointsPerCurve":700,"maxNumPointsPerCurveChangeAtOnce":398,"borderFraction":0.663,"maxSpeed":0.116,"targetDistanceBetweenAdjacentCurvePoints":0.012,"maxCurvesPerReef":10000,"scalePotentialEnergyForce":2.104,"ampStraightIfNear":334008857.205,"maxDistanceToAffectEachother":0.108,"addRandomness":176957.849,"stayInsideBorderCircleForce":-1092582871.8731878,"distanceScale":0.023,"pause":false,"attractIfFartherThan":-0.03766039040434754,"ampAttractIfFartherThan":-91.89744368805351,"graphEndist":true,"isSurface":false,"displayOuterCircle":true,"ifCanvasUseUndoGraphics":true,"negTimeDoesUndo":true,"autoMoveTimeSpeedSlider":false,"balanceSparsity":true,"onlyEndist":false,"setSpeedsToZeroAfterEveryDtMove":false,"freqA":76.709,"ampA":339667.758,"freqB":-2.88,"ampB":202533.369,"freqC":9.911,"ampC":1163136.5201591277,"midDist":0.057,"bellAAveMul":0.416,"bellADevMul":0.214,"bellAHeight":12202510.249,"bellBAveMul":-0.4503781893212761,"bellBDevMul":0.474,"bellBHeight":1412927.023,"bellCAveMul":7.343,"bellCDevMul":18.857,"bellCHeight":-11199.086,"forceMaxResolution":true,"stretchToWindow":true,"canvasElseSvg":true,"isEraseCanvasEachFrame":true,"repelSelf":49280.617,"repelSelfDistance":40.162,"computeSpeed":1.291,"colorSeed":8400328863760,"colorDecayPerSec":3,"endist":"(en,dist,pdist)=>{ let x = 0; let p = o; let nd = p.nearPdist; let near = sigmoid(-5*(dist-nd)); if(dist > o.attractIfFartherThan) x += o.ampAttractIfFartherThan*sqr(dist-o.attractIfFartherThan); x += o.ampStraightIfNear*near*sqr(dist-pdist); let midDist = p.midDist; x += bell(midDist*p.bellAAveMul,midDist*p.bellADevMul,p.bellAHeight,dist); x += bell(midDist*p.bellBAveMul,midDist*p.bellBDevMul,p.bellBHeight,dist); x += bell(midDist*p.bellCAveMul,midDist*p.bellCDevMul,p.bellCHeight,dist); let m=dist*twoPi; x += sin(m*p.freqA)*p.ampA; x += sin(m*p.freqB)*p.ampB; x += sin(m*p.freqC)*p.ampC; x += en; return x; }","name":"2 EXPLOSIONS","dir":"2"}}