{"timeSaved":1645191651.4775,"options":{"loops":{"timePosition":[0.184,0.132,0.127,0.363,0.473,0.532,0.639,0.753,0.913,0.877,0.738,0.46,0.317,0.383,0.555,0.802,1.072,1.305,1.083,0.914,1.286,1.543,1.066,0.957,1.389,1.342,1.115,0.882,0.598,0.368,0.349,0.159],"bootShapeX":[2.742985248565674,0.9927802681922913,2.1842548847198486,1.2410662174224854,0.46492889523506165,-0.18045805394649506,2.0184319019317627,1.9550914764404297],"stayInsideBorderCircleForce":[1.0886560678482056,-0.035025704652071,-0.23075895011425018,2.24552845954895,1.8424190282821655,2.7549049854278564,1.649182677268982,1.728764295578003],"nearPdist":[1.0886560678482056,2.598888397216797,0.029776357114315033,2.9186267852783203,2.8618252277374268,1.737237811088562,0.7689107656478882,2.9358651638031006],"ampStraightIfNear":[1.0886560678482056,-2.2054500579833984,1.1134300231933594,-2.6048474311828613,1.9467133283615112,2.945467710494995,2.823141574859619,0.920868456363678],"ampB":[2.7776038646698,0.6537424921989441,1.022667407989502,0.5282368659973145,0.8158013224601746,1.3174463510513306,-2.35634183883667,-0.8857818245887756]},"bootShapeY":0.01,"bootShapeX":-0.0034312841759265933,"bootShapeScale":1,"nearPdist":0.046,"friction":0,"loopSeconds":30,"useTimePosition":true,"timePosition":11.073,"timePositionDecay":0.29,"timeSpeed":0.831,"minPointsPerCurve":137,"maxPointsPerCurve":700,"maxNumPointsPerCurveChangeAtOnce":398,"borderFraction":0.663,"maxSpeed":0.116,"targetDistanceBetweenAdjacentCurvePoints":0.012,"maxCurvesPerReef":10000,"scalePotentialEnergyForce":2.104,"ampStraightIfNear":-54244594.54346435,"maxDistanceToAffectEachother":0.108,"addRandomness":176957.849,"stayInsideBorderCircleForce":-823748653.5883838,"distanceScale":0.023,"pause":false,"attractIfFartherThan":0.4,"ampAttractIfFartherThan":1144,"graphEndist":true,"isSurface":false,"displayOuterCircle":true,"ifCanvasUseUndoGraphics":true,"negTimeDoesUndo":true,"autoMoveTimeSpeedSlider":false,"balanceSparsity":true,"onlyEndist":false,"setSpeedsToZeroAfterEveryDtMove":false,"freqA":76.709,"ampA":339667.758,"freqB":-2.88,"ampB":-382135.26402933267,"freqC":9.911,"ampC":-781559.342,"midDist":0.057,"bellAAveMul":0.416,"bellADevMul":0.214,"bellAHeight":12202510.249,"bellBAveMul":0.904,"bellBDevMul":0.474,"bellBHeight":1412927.023,"bellCAveMul":7.343,"bellCDevMul":18.857,"bellCHeight":-11199.086,"forceMaxResolution":true,"stretchToWindow":true,"canvasElseSvg":true,"isEraseCanvasEachFrame":true,"repelSelf":49280.617,"repelSelfDistance":40.162,"computeSpeed":1.291,"colorSeed":8400328863760,"colorDecayPerSec":3,"endist":"(en,dist,pdist)=>{ let x = 0; let p = o; let nd = p.nearPdist; let near = sigmoid(-5*(dist-nd)); if(dist > o.attractIfFartherThan) x += o.ampAttractIfFartherThan*sqr(dist-o.attractIfFartherThan); x += o.ampStraightIfNear*near*sqr(dist-pdist); let midDist = p.midDist; x += bell(midDist*p.bellAAveMul,midDist*p.bellADevMul,p.bellAHeight,dist); x += bell(midDist*p.bellBAveMul,midDist*p.bellBDevMul,p.bellBHeight,dist); x += bell(midDist*p.bellCAveMul,midDist*p.bellCDevMul,p.bellCHeight,dist); let m=dist*twoPi; x += sin(m*p.freqA)*p.ampA; x += sin(m*p.freqB)*p.ampB; x += sin(m*p.freqC)*p.ampC; x += en; return x; }","name":"2 PROPERTY REEF","dir":"2"}}