{"timeSaved":1645192895.8085,"options":{"loops":{"timePosition":[0.184,0.132,0.127,0.363,0.473,0.532,0.639,0.753,0.913,0.877,0.738,0.46,0.317,0.383,0.555,0.802,1.072,1.305,1.083,0.914,1.286,1.543,1.066,0.957,1.389,1.342,1.115,0.882,0.598,0.368,0.349,0.159],"freqB":[1.0886560678482056,1.8157856464385986,1.125040054321289,1.5329447984695435,0.44692084193229675,1.5208598375320435,0.7900261282920837,1.9054198265075684],"bellBAveMul":[2.558089256286621,0.6277589201927185,2.9126245975494385,0.06266801804304123,1.5789412260055542,2.825023651123047,0.9233381748199463,-1.747624158859253],"bellAAveMul":[2.65366792678833,0.6540825963020325,0.08013797551393509,-0.6862449645996094,1.2218403816223145,0.8759374618530273,2.9561243057250977,-0.3866679072380066]},"bootShapeY":0.01,"bootShapeX":0.01,"bootShapeScale":1,"nearPdist":0.046,"friction":0,"loopSeconds":30,"useTimePosition":true,"timePosition":11.073,"timePositionDecay":0.29,"timeSpeed":0.831,"minPointsPerCurve":137,"maxPointsPerCurve":700,"maxNumPointsPerCurveChangeAtOnce":398,"borderFraction":0.663,"maxSpeed":0.116,"targetDistanceBetweenAdjacentCurvePoints":0.012,"maxCurvesPerReef":10000,"scalePotentialEnergyForce":2.104,"ampStraightIfNear":334008857.205,"maxDistanceToAffectEachother":0.108,"addRandomness":176957.849,"stayInsideBorderCircleForce":5361433391626.719,"distanceScale":0.023,"pause":false,"attractIfFartherThan":0.4,"ampAttractIfFartherThan":-16.97015536290222,"graphEndist":true,"isSurface":false,"displayOuterCircle":true,"ifCanvasUseUndoGraphics":true,"negTimeDoesUndo":true,"autoMoveTimeSpeedSlider":false,"balanceSparsity":true,"onlyEndist":false,"setSpeedsToZeroAfterEveryDtMove":false,"freqA":76.709,"ampA":-3947230.58936349,"freqB":3378.7168165862236,"ampB":202533.369,"freqC":9.911,"ampC":137312489.3689199,"midDist":0.057,"bellAAveMul":-0.0949517265613262,"bellADevMul":0.214,"bellAHeight":12202510.249,"bellBAveMul":-13.99027346016065,"bellBDevMul":0.474,"bellBHeight":1412927.023,"bellCAveMul":7.343,"bellCDevMul":18.857,"bellCHeight":-11199.086,"forceMaxResolution":true,"stretchToWindow":true,"canvasElseSvg":true,"isEraseCanvasEachFrame":true,"repelSelf":49280.617,"repelSelfDistance":40.162,"computeSpeed":1.291,"colorSeed":8400328863760,"colorDecayPerSec":3,"endist":"(en,dist,pdist)=>{ let x = 0; let p = o; let nd = p.nearPdist; let near = sigmoid(-5*(dist-nd)); if(dist > o.attractIfFartherThan) x += o.ampAttractIfFartherThan*sqr(dist-o.attractIfFartherThan); x += o.ampStraightIfNear*near*sqr(dist-pdist); let midDist = p.midDist; x += bell(midDist*p.bellAAveMul,midDist*p.bellADevMul,p.bellAHeight,dist); x += bell(midDist*p.bellBAveMul,midDist*p.bellBDevMul,p.bellBHeight,dist); x += bell(midDist*p.bellCAveMul,midDist*p.bellCDevMul,p.bellCHeight,dist); let m=dist*twoPi; x += sin(m*p.freqA)*p.ampA; x += sin(m*p.freqB)*p.ampB; x += sin(m*p.freqC)*p.ampC; x += en; return x; }","name":"BRANCH","dir":"1"}}