{"options":{"accelFieldMul":6.09384304652182e+23,"accelVoxels":[],"addRandomness":5397086.248,"ampA":9666.123,"ampAttractIfFartherThan":0.136,"ampB":136079340643011740000,"ampC":1905732.128,"ampStraightIfNear":625662931047.901,"attractIfFartherThan":0.4,"autoMoveTimeSpeedSlider":false,"balanceSparsity":true,"bellAAveMul":0.356,"bellADevMul":0.197,"bellAHeight":-259772785950670550000,"bellBAveMul":0.116,"bellBDevMul":0.263,"bellBHeight":371489996827666900000,"bellCAveMul":0.962,"bellCDevMul":1.467,"bellCHeight":-3.037694467969249e+21,"bootShape":"a=>.1*a","bootShapeScale":0.475,"bootShapeX":0.01,"bootShapeY":0.01,"borderFraction":0.663,"brightAddBlue":50,"brightAddGreen":20,"brightAddRed":20,"brightMult":7.969,"brightMultBlue":1.01,"brightMultGreen":1.01,"brightMultRed":1.01,"canvasElseSvg":true,"colorDecayPerSec":0.376,"colorSeed":167118444274505,"computeSpeed":1.291,"dir":"3","displayOuterCircle":true,"distanceScale":56.224,"endist":"(en,dist,pdist)=>{ let x = 0; let p = o; let nd = p.nearPdist; let near = sigmoid(-5*(dist-nd)); if(dist > o.attractIfFartherThan) x += o.ampAttractIfFartherThan*sqr(dist-o.attractIfFartherThan); x += o.ampStraightIfNear*near*sqr(dist-pdist); let midDist = p.midDist; x += bell(midDist*p.bellAAveMul,midDist*p.bellADevMul,p.bellAHeight,dist); x += bell(midDist*p.bellBAveMul,midDist*p.bellBDevMul,p.bellBHeight,dist); x += bell(midDist*p.bellCAveMul,midDist*p.bellCDevMul,p.bellCHeight,dist); let m=dist*twoPi; x += sin(m*p.freqA)*p.ampA; x += sin(m*p.freqB)*p.ampB; x += sin(m*p.freqC)*p.ampC; x += en; return x; }","forceMaxResolution":true,"freqA":46.893,"freqB":26.141,"freqC":23.681,"friction":0,"graphEndist":true,"graphEndistBright":"Math.sqrt","ifCanvasUseUndoGraphics":true,"isEraseCanvasEachFrame":true,"isOnlyMoveRandomlyPerpendicularToSurface":false,"isSurface":true,"lineThick":1,"loopSeconds":39.214,"loops":{"paintBrightMult":[1.35,1.256,1.354,1.498,1.55,1.55,1.189,1.406,1.28,0.9,0.971,1.457,0.744,1.165,0.628,0.628,0.719,0.899,0.806,0.705,0.973,1.041,1.088,1.112,1.22,1.256,1.068,1.035,1.495,0.989,0.987,1.005,0.865,1.086,1.139,0.855,1.226,1.242,1.231,0.52,1.119,0.463,0.589,0.794,0.684,0.595,0.538,1.646,1.614,1.63,0.746,0.893,1.28,1.114,1.035,0.192,1.57,0.405,0.335,0.55,1.863,1.533,1.014,0.292,0.561,2.073,1.505,0.443,0.464,1.279,0.642,1.136,1.819,1.929,0.992,1.292,1.111,1.142,1.511,1.884,0.919,1.026,1.072,0.996,1.766,-0.177,0.884,-0.745,0.913,0.945,0.977,1.002,1.013,1.007,0.982,0.942,1.119,0.839,1.376,1.346,1.254,1.281,0.835,1.419,2.29,1.382,1.253,1.548,1.433,1.473,1.792,1.42,1.326,1.195,1.038,0.871,0.71,1.26,0.468,0.413,1.169,0.465,0.568,0.744,0.881,1.059,0.818,1.376],"timePosition":[0.224,0.497,0.652,0.606,-0.913,0.939,-0.49,0.231,0.495,1.386,1.067,0.68,2.006,0.763,1.46,1.674,0.75,1.09,0.194,0.873,0.605,1.906,2.631,2.187,1.103,1.911,1.116,1.36,1.312,0.592,0.595,0.133]},"maxCurvesPerReef":10000,"maxDistanceToAffectEachother":0.1,"maxNumPointsPerCurveChangeAtOnce":34,"maxPointsPerCurve":1340,"maxSpeed":0.042,"midDist":0.076,"minPointsPerCurve":296,"name":"fluid growth - paint bright mult","nearPdist":0.076,"negTimeDoesUndo":true,"onlyEndist":false,"paintBrightAdd":3,"paintBrightMult":0.999,"pause":false,"repelSelf":49280.617,"repelSelfDistance":40.162,"sameColorness":0.01,"scalePotentialEnergyForce":12246258994727000,"setSpeedsToZeroAfterEveryDtMove":false,"stayInsideBorderCircleForce":2123181237418096.8,"stretchToWindow":true,"targetDistanceBetweenAdjacentCurvePoints":0.03,"timePosition":33.493,"timePositionDecay":0.31,"timeSpeed":3.56,"useTimePosition":true,"wrapPaintBrightMult":true},"timeSaved":1649699317.308}