{"timeSaved":1644159976.1424,"options":{"loops":{"timePosition":[0.184,0.132,0.127,0.363,0.473,0.532,0.639,0.753,0.913,0.877,0.738,0.46,0.317,0.383,0.555,0.802,1.072,1.305,1.083,0.914,1.286,1.543,1.066,0.957,1.389,1.342,1.115,0.882,0.598,0.368,0.349,0.159],"scalePotentialEnergyForce":[1.0886560678482056,1.5344425439834595,-2.8600006103515625,-2.9027352333068848,0.6247031688690186,0.7955125570297241,1.0649588108062744,1.0970065593719482,-2.9036829471588135,1.0466744899749756,1.2182978391647339,-1.6986124515533447,0.8064751029014587,0.525610089302063,-2.5207550525665283,-1.3814011812210083,1.5928175449371338,-0.9549277424812317,1.2499042749404907,0.46104133129119873,-0.015285645611584187,1.2973933219909668,2.2629804611206055,1.0552153587341309,0.8852734565734863,0.9571864008903503,1.0081048011779785,0.8644499182701111,2.0367863178253174,0.9844380021095276,1.377109169960022,-2.554804801940918],"targetDistanceBetweenAdjacentCurvePoints":[-1.776427149772644,-0.6362143158912659,0.08609043061733246,-1.993242621421814,0.6250808835029602,0.7907073497772217,1.0615532398223877,1.098925232887268,0.9961415529251099,1.042209267616272,1.2143645286560059,1.179044485092163,0.822608232498169,0.5286594033241272,0.7304458022117615,1.2937800884246826,1.5944265127182007,1.26362144947052,0.6614946722984314,0.4529358446598053,0.8156827688217163,1.2775142192840576,1.3453383445739746,1.0767874717712402,0.8883139491081238,0.9476516842842102,1.0115998983383179,0.8809421062469482,0.7573335766792297,0.9497542381286621,-2.9861226081848145,-2.0916805267333984],"addRandomness":[1.0886560678482056,1.556770920753479,-2.8120479583740234,0.6354939341545105,-2.3193113803863525,0.725513219833374,2.8840885162353516,1.0398178100585938,1.238661766052246,1.0072470903396606,0.5500022172927856,0.7878826856613159,1.4812499284744263,1.4278066158294678,0.6775357127189636,-2.9006831645965576,1.0910730361938477,1.3677992820739746,1.0473099946975708,0.8890619874000549,1.009434700012207,0.8899838924407959,-2.388098955154419,1.1585084199905396,0.43180233240127563,-0.21611179411411285,-2.2841148376464844,-2.994805335998535,1.4883801937103271,1.3529947996139526,0.7421490550041199,0.6986147165298462]},"bootShapeY":0.01,"bootShapeX":-0.06806096791808285,"bootShapeScale":1,"nearPdist":0.046,"friction":0,"loopSeconds":30,"useTimePosition":true,"timePosition":11.073,"timePositionDecay":0.29,"timeSpeed":0.831,"minPointsPerCurve":137,"maxPointsPerCurve":700,"maxNumPointsPerCurveChangeAtOnce":398,"borderFraction":0.663,"maxSpeed":0.116,"targetDistanceBetweenAdjacentCurvePoints":0.012,"maxCurvesPerReef":10000,"scalePotentialEnergyForce":2.104,"ampStraightIfNear":334008857.205,"maxDistanceToAffectEachother":0.108,"addRandomness":176957.849,"stayInsideBorderCircleForce":5361433391626.719,"distanceScale":0.023,"pause":false,"attractIfFartherThan":0.4,"ampAttractIfFartherThan":1144,"graphEndist":true,"isSurface":false,"displayOuterCircle":true,"ifCanvasUseUndoGraphics":true,"negTimeDoesUndo":true,"autoMoveTimeSpeedSlider":false,"balanceSparsity":true,"onlyEndist":false,"setSpeedsToZeroAfterEveryDtMove":false,"freqA":76.709,"ampA":339667.758,"freqB":-2.88,"ampB":202533.369,"freqC":9.911,"ampC":-781559.342,"midDist":0.057,"bellAAveMul":0.416,"bellADevMul":0.214,"bellAHeight":12202510.249,"bellBAveMul":0.904,"bellBDevMul":0.474,"bellBHeight":1412927.023,"bellCAveMul":7.343,"bellCDevMul":18.857,"bellCHeight":-11199.086,"forceMaxResolution":true,"stretchToWindow":true,"canvasElseSvg":true,"isEraseCanvasEachFrame":true,"repelSelf":49280.617,"repelSelfDistance":40.162,"computeSpeed":1.291,"colorSeed":8400328863760,"colorDecayPerSec":3,"endist":"(en,dist,pdist)=>{ let x = 0; let p = o; let nd = p.nearPdist; let near = sigmoid(-5*(dist-nd)); if(dist > o.attractIfFartherThan) x += o.ampAttractIfFartherThan*sqr(dist-o.attractIfFartherThan); x += o.ampStraightIfNear*near*sqr(dist-pdist); let midDist = p.midDist; x += bell(midDist*p.bellAAveMul,midDist*p.bellADevMul,p.bellAHeight,dist); x += bell(midDist*p.bellBAveMul,midDist*p.bellBDevMul,p.bellBHeight,dist); x += bell(midDist*p.bellCAveMul,midDist*p.bellCDevMul,p.bellCHeight,dist); let m=dist*twoPi; x += sin(m*p.freqA)*p.ampA; x += sin(m*p.freqB)*p.ampB; x += sin(m*p.freqC)*p.ampC; x += en; return x; }","name":"HEART REEF","dir":"1"}}