{"timeSaved":1644158686.3855,"options":{"loops":{"timePosition":[-1.704636573791504,2.69584584236145,2.745551109313965,-1.8313453197479248,-1.7941685914993286,2.0731513500213623,0.4490199685096741,1.9065332412719727,1.9618816375732422,0.5284602046012878,2.1973650455474854,2.059353828430176,-2.9046308994293213,2.7098400592803955,2.9963560104370117,2.8170688152313232,2.558089256286621,-2.868706226348877,2.3626742362976074,2.4848411083221436,2.819140672683716,-2.42626953125,2.905313491821289,2.273836135864258,0.06423266977071762,2.407280921936035,2.2909717559814453,-0.009082324802875519,1.909077525138855,1.9187694787979126,-1.587222695350647,-1.9991083145141602],"bellBDevMul":[2.318509578704834,2.595210075378418,2.378666877746582,2.598259449005127,2.455723285675049,2.2980165481567383,1.9774385690689087,2.103818655014038,2.2313857078552246,-0.5919699668884277,-1.470992922782898,-1.663407325744629,-1.7084465026855469,-1.8365004062652588,-1.8138527870178223,-1.7885335683822632,-1.6987180709838867,-1.5830241441726685,-1.588862419128418,-1.5323983430862427,-2.2299654483795166,-2.160130023956299,2.994328498840332,2.91485857963562,2.9087135791778564,2.715278387069702,0.49325788021087646,-2.49021577835083,-2.0359184741973877,-2.0249948501586914,-2.1211788654327393,-2.157228469848633,2.703681707382202,2.973654270172119,2.439148426055908,2.9400880336761475,-1.341971755027771,-2.0802156925201416,-2.9428606033325195,-2.2499420642852783,2.823188543319702,1.9222617149353027,2.097623109817505,2.2607064247131348,2.145761728286743,0.7838553786277771,1.642198085784912,1.7204983234405518,1.8597285747528076,1.3560261726379395,-0.7614359259605408,-1.1681430339813232,-1.5293701887130737,-1.810800552368164,0.7862144708633423,-0.7487766146659851,-0.3041767477989197,-0.5949661135673523,1.329217791557312,2.8052399158477783,2.000502586364746,2.33414363861084,2.6324470043182373,2.006361961364746],"bootShapeY":[-2.2524328231811523,-2.291929006576538,-2.071967124938965,-1.9860107898712158,2.926065683364868,2.9900407791137695,2.5173227787017822,-1.881685495376587,-2.3544085025787354,-2.313967704772949,-1.6035492420196533,-0.64938884973526,2.9942822456359863,2.768749952316284,2.9312686920166016,-2.1878292560577393]},"bootShapeY":0.01,"bootShapeX":0.01,"bootShapeScale":1,"nearPdist":0.046,"friction":0,"loopSeconds":30,"useTimePosition":true,"timePosition":11.073,"timePositionDecay":0.29,"timeSpeed":0.831,"minPointsPerCurve":137,"maxPointsPerCurve":700,"maxNumPointsPerCurveChangeAtOnce":398,"borderFraction":0.663,"maxSpeed":0.116,"targetDistanceBetweenAdjacentCurvePoints":0.012,"maxCurvesPerReef":10000,"scalePotentialEnergyForce":2.104,"ampStraightIfNear":334008857.205,"maxDistanceToAffectEachother":0.108,"addRandomness":176957.849,"stayInsideBorderCircleForce":5361433391626.719,"distanceScale":0.023,"pause":false,"attractIfFartherThan":0.4,"ampAttractIfFartherThan":1144,"graphEndist":true,"isSurface":false,"displayOuterCircle":true,"ifCanvasUseUndoGraphics":true,"negTimeDoesUndo":true,"autoMoveTimeSpeedSlider":false,"balanceSparsity":true,"onlyEndist":false,"setSpeedsToZeroAfterEveryDtMove":false,"freqA":76.709,"ampA":339667.758,"freqB":-2.88,"ampB":202533.369,"freqC":9.911,"ampC":-781559.342,"midDist":0.057,"bellAAveMul":0.416,"bellADevMul":0.214,"bellAHeight":12202510.249,"bellBAveMul":0.904,"bellBDevMul":0.474,"bellBHeight":1412927.023,"bellCAveMul":7.343,"bellCDevMul":18.857,"bellCHeight":-11199.086,"forceMaxResolution":true,"stretchToWindow":true,"canvasElseSvg":true,"isEraseCanvasEachFrame":true,"repelSelf":49280.617,"repelSelfDistance":40.162,"computeSpeed":1.291,"colorSeed":8400328863760,"colorDecayPerSec":3,"endist":"(en,dist,pdist)=>{ let x = 0; let p = o; let nd = p.nearPdist; let near = sigmoid(-5*(dist-nd)); if(dist > o.attractIfFartherThan) x += o.ampAttractIfFartherThan*sqr(dist-o.attractIfFartherThan); x += o.ampStraightIfNear*near*sqr(dist-pdist); let midDist = p.midDist; x += bell(midDist*p.bellAAveMul,midDist*p.bellADevMul,p.bellAHeight,dist); x += bell(midDist*p.bellBAveMul,midDist*p.bellBDevMul,p.bellBHeight,dist); x += bell(midDist*p.bellCAveMul,midDist*p.bellCDevMul,p.bellCHeight,dist); let m=dist*twoPi; x += sin(m*p.freqA)*p.ampA; x += sin(m*p.freqB)*p.ampB; x += sin(m*p.freqC)*p.ampC; x += en; return x; }","name":"hype glow","dir":"3"}}