{"timeSaved":1644160394.6978002,"options":{"loops":{"timePosition":[1.7872201204299927,1.5520867109298706,1.0104501247406006,0.573077917098999,0.3680691123008728,0.3111683428287506,0.1872040033340454,0.05661848559975624,0.27904918789863586,0.4246075749397278,0.14841100573539734,0.2880692481994629,0.1099056601524353,0.26562896370887756,0.286430299282074,0.31939026713371277,0.33837059140205383,0.3019809126853943,0.30273008346557617,0.25794580578804016,0.24915210902690887,0.6952835917472839,1.5806849002838135,2.052029609680176,1.8551915884017944,1.9054198265075684,2.175570249557495,2.1353366374969482,1.9109852313995361,1.9598294496536255,2.070922613143921,2.082111358642578],"colorDecayPerSec":[-0.004470585845410824,-0.1415734738111496,-0.08225142955780029,2.0370466709136963,2.4681313037872314,2.9122986793518066,2.848325490951538,2.6837902069091797,2.702296733856201,2.5300240516662598,2.566110610961914,2.6126186847686768,2.742985248565674,2.8924918174743652,2.508957862854004,2.6577515602111816,2.598888397216797,2.5468459129333496,2.523773670196533,2.618992328643799,2.76078724861145,2.825023651123047,2.9875502586364746,2.7402758598327637,2.65193772315979,2.6283986568450928,2.6634652614593506,2.7240958213806152,2.7783610820770264,2.937582492828369,2.9551055431365967,2.7022011280059814,2.9213707447052,2.9899024963378906,2.9785966873168945,2.7508704662323,2.5466997623443604,2.397705078125,2.281904935836792,2.2426412105560303,-0.04430648684501648,-0.01571870595216751,-0.041114382445812225,-0.026122743263840675,0.03528420999646187,-0.04002660512924194,-0.06182480230927467,-0.10217081010341644,-0.16922272741794586,-0.13979947566986084,-0.12776704132556915,-0.10268444567918777,-0.11598306894302368,-0.1724196970462799,-0.18403467535972595,-0.14549320936203003,-0.14068639278411865,-0.09513179212808609,-0.08627314865589142,-0.09674406796693802,-0.058622095733881,-0.06758000701665878,-0.08225142955780029,0.11011719703674316],"ampStraightIfNear":[-0.0378517210483551,-0.10789699852466583,-0.199337899684906,-0.06706979870796204,0.11519163101911545,0.15505872666835785,0.1802469789981842,0.14105413854122162,0.1819174587726593,0.1192055344581604,0.17606854438781738,0.2246214598417282,0.19491605460643768,0.1614888608455658,0.07105496525764465,-0.0038943991530686617,-0.04024414345622063,-0.11561524868011475,-0.16587917506694794,0.18365702033042908,-0.08364040404558182,0.39922088384628296,0.03406867757439613,0.2479831576347351,0.2037958800792694,0.22151297330856323,0.20025953650474548,0.22019997239112854,0.20795340836048126,0.12764622271060944,0.41606876254081726,0.10334392637014389,0.33024394512176514,0.10574375838041306,0.15351997315883636,0.2237236350774765,-0.15378616750240326,-0.187315434217453,-0.09124971926212311,-0.1612018495798111,-0.12791451811790466,-0.11598306894302368,-0.07757548987865448,-0.05047851428389549,-0.009082324802875519,-0.2633587718009949,-0.14512328803539276,-0.13684414327144623,-0.0979902520775795,0.1972067505121231,0.09437046945095062,-0.04053420573472977,-0.10613442957401276,-0.0378517210483551,-0.035677727311849594,-0.14223888516426086,-0.013625909574329853,0.13270437717437744,0.10143742710351944,-0.1409081518650055,-0.3374860882759094,-0.18314027786254883,-0.09095684438943863,-0.023736683651804924]},"bootShapeY":0.01,"bootShapeX":0.01,"bootShapeScale":1,"nearPdist":0.046,"friction":0,"loopSeconds":30,"useTimePosition":true,"timePosition":11.073,"timePositionDecay":0.29,"timeSpeed":0.831,"minPointsPerCurve":137,"maxPointsPerCurve":700,"maxNumPointsPerCurveChangeAtOnce":398,"borderFraction":0.663,"maxSpeed":0.116,"targetDistanceBetweenAdjacentCurvePoints":0.012,"maxCurvesPerReef":10000,"scalePotentialEnergyForce":2.104,"ampStraightIfNear":334008857.205,"maxDistanceToAffectEachother":0.108,"addRandomness":176957.849,"stayInsideBorderCircleForce":5361433391626.719,"distanceScale":0.023,"pause":false,"attractIfFartherThan":0.4,"ampAttractIfFartherThan":1144,"graphEndist":true,"isSurface":false,"displayOuterCircle":true,"ifCanvasUseUndoGraphics":true,"negTimeDoesUndo":true,"autoMoveTimeSpeedSlider":false,"balanceSparsity":true,"onlyEndist":false,"setSpeedsToZeroAfterEveryDtMove":false,"freqA":76.709,"ampA":339667.758,"freqB":-2.88,"ampB":202533.369,"freqC":9.911,"ampC":-781559.342,"midDist":0.057,"bellAAveMul":0.416,"bellADevMul":0.214,"bellAHeight":12202510.249,"bellBAveMul":0.904,"bellBDevMul":0.474,"bellBHeight":1412927.023,"bellCAveMul":7.343,"bellCDevMul":18.857,"bellCHeight":-11199.086,"forceMaxResolution":true,"stretchToWindow":true,"canvasElseSvg":true,"isEraseCanvasEachFrame":true,"repelSelf":49280.617,"repelSelfDistance":40.162,"computeSpeed":1.291,"colorSeed":8400328863760,"colorDecayPerSec":3,"endist":"(en,dist,pdist)=>{ let x = 0; let p = o; let nd = p.nearPdist; let near = sigmoid(-5*(dist-nd)); if(dist > o.attractIfFartherThan) x += o.ampAttractIfFartherThan*sqr(dist-o.attractIfFartherThan); x += o.ampStraightIfNear*near*sqr(dist-pdist); let midDist = p.midDist; x += bell(midDist*p.bellAAveMul,midDist*p.bellADevMul,p.bellAHeight,dist); x += bell(midDist*p.bellBAveMul,midDist*p.bellBDevMul,p.bellBHeight,dist); x += bell(midDist*p.bellCAveMul,midDist*p.bellCDevMul,p.bellCHeight,dist); let m=dist*twoPi; x += sin(m*p.freqA)*p.ampA; x += sin(m*p.freqB)*p.ampB; x += sin(m*p.freqC)*p.ampC; x += en; return x; }","name":"INTERLOOPER CORAL","dir":"2"}}