{"timeSaved":1644158006.5128999,"options":{"loops":{"timePosition":[0.184,0.132,0.127,0.363,0.473,0.532,0.639,0.753,0.913,0.877,0.738,0.46,0.317,0.383,0.555,0.802,1.072,1.305,1.083,0.914,1.286,1.543,1.066,0.957,1.389,1.342,1.115,0.882,0.598,0.368,0.349,0.159],"midDist":[-2.7864503860473633,0.7912927269935608,1.427093267440796,2.193439483642578,2.2124364376068115,1.3392595052719116,2.6600568294525146,-0.060587164014577866,0.4069823920726776,0.4671129584312439,-2.953803777694702,0.31830376386642456,0.419005423784256,0.5670312643051147,0.5774951577186584,-0.15171168744564056,-1.1990357637405396,-0.9720554947853088,-1.979137897491455,-2.033358573913574,-2.636826753616333,1.0498806238174438,1.4766000509262085,1.009386658668518,-2.9771459102630615,-2.6884207725524902,0.4277397096157074,0.10284971445798874,-0.26540324091911316,-0.4406564235687256,-0.4012768268585205,-2.2499420642852783]},"bootShapeY":0.01,"bootShapeX":0.01,"bootShapeScale":1,"nearPdist":0.046,"friction":0,"loopSeconds":30,"useTimePosition":true,"timePosition":11.073,"timePositionDecay":0.29,"timeSpeed":0.831,"minPointsPerCurve":137,"maxPointsPerCurve":700,"maxNumPointsPerCurveChangeAtOnce":398,"borderFraction":0.663,"maxSpeed":0.116,"targetDistanceBetweenAdjacentCurvePoints":0.012,"maxCurvesPerReef":10000,"scalePotentialEnergyForce":2.104,"ampStraightIfNear":334008857.205,"maxDistanceToAffectEachother":0.108,"addRandomness":176957.849,"stayInsideBorderCircleForce":5361433391626.719,"distanceScale":0.023,"pause":false,"attractIfFartherThan":0.4,"ampAttractIfFartherThan":1144,"graphEndist":true,"isSurface":false,"displayOuterCircle":true,"ifCanvasUseUndoGraphics":true,"negTimeDoesUndo":true,"autoMoveTimeSpeedSlider":false,"balanceSparsity":true,"onlyEndist":false,"setSpeedsToZeroAfterEveryDtMove":false,"freqA":76.709,"ampA":339667.758,"freqB":-2.88,"ampB":202533.369,"freqC":9.911,"ampC":-781559.342,"midDist":0.057,"bellAAveMul":0.416,"bellADevMul":0.214,"bellAHeight":12202510.249,"bellBAveMul":0.904,"bellBDevMul":0.474,"bellBHeight":1412927.023,"bellCAveMul":7.343,"bellCDevMul":18.857,"bellCHeight":-11199.086,"forceMaxResolution":true,"stretchToWindow":true,"canvasElseSvg":true,"isEraseCanvasEachFrame":true,"repelSelf":49280.617,"repelSelfDistance":40.162,"computeSpeed":1.291,"colorSeed":8400328863760,"colorDecayPerSec":3,"endist":"(en,dist,pdist)=>{ let x = 0; let p = o; let nd = p.nearPdist; let near = sigmoid(-5*(dist-nd)); if(dist > o.attractIfFartherThan) x += o.ampAttractIfFartherThan*sqr(dist-o.attractIfFartherThan); x += o.ampStraightIfNear*near*sqr(dist-pdist); let midDist = p.midDist; x += bell(midDist*p.bellAAveMul,midDist*p.bellADevMul,p.bellAHeight,dist); x += bell(midDist*p.bellBAveMul,midDist*p.bellBDevMul,p.bellBHeight,dist); x += bell(midDist*p.bellCAveMul,midDist*p.bellCDevMul,p.bellCHeight,dist); let m=dist*twoPi; x += sin(m*p.freqA)*p.ampA; x += sin(m*p.freqB)*p.ampB; x += sin(m*p.freqC)*p.ampC; x += en; return x; }","name":"REEF SPAZZSPHERE","dir":"1"}}