{"timeSaved":1647347560.1042,"options":{"loops":{"timePosition":[0.215,0.497,0.652,0.606,0.293,0.939,0.032,0.99,1.445,1.386,0.937,1.907,2.136,1.706,2.498,2.287,2.441,1.968,0.999,1.027,0.605,1.906,2.631,2.187,1.103,1.911,1.116,1.36,1.312,0.592,0.595,0.133],"bellAAveMul":[1.088,0.624,0.989,0.748,1.57,0.974,0.887,0.793],"bellADevMul":[1.088,0.758,1.115,1.212,0.529,1.449,0.796,0.997],"bellBAveMul":[1.088,0.744,1.114,1.226,0.554,1.349,0.928,0.935],"bellBDevMul":[1.088,0.761,1.116,1.208,0.526,1.468,0.768,1.013],"bellCAveMul":[1.088,0.828,1.101,1.12,0.605,1.574,0.444,1.338],"bellCDevMul":[1.088,0.643,1.035,1.075,1.372,0.447,1.159,0.964],"accelFieldMul":[0.02,2.16,-1.398,-1.802,2.139,1.738,-1.357,0.421,2.737,2.769,-0.61,-0.121,1.838,0.711,-1.216,1.602]},"brightAddRed":20,"brightAddGreen":20,"brightAddBlue":50,"brightMult":13.371,"accelFieldMul":1.1397623567279802e+23,"bootShapeY":0.115,"bootShapeX":0.01,"bootShapeScale":1.264,"nearPdist":0.076,"friction":0,"loopSeconds":39.214,"useTimePosition":true,"timePosition":908.054,"timePositionDecay":0.932,"timeSpeed":9.473,"minPointsPerCurve":296,"maxPointsPerCurve":1340,"maxNumPointsPerCurveChangeAtOnce":34,"borderFraction":0.663,"maxSpeed":0.009,"targetDistanceBetweenAdjacentCurvePoints":0.015,"maxCurvesPerReef":10000,"scalePotentialEnergyForce":12246258994727000,"ampStraightIfNear":670925284882059900000,"maxDistanceToAffectEachother":0.057,"addRandomness":5397086.248,"stayInsideBorderCircleForce":1.3185770913097856e+23,"distanceScale":56.224,"pause":false,"attractIfFartherThan":0.4,"ampAttractIfFartherThan":0.136,"graphEndist":true,"isSurface":true,"displayOuterCircle":true,"ifCanvasUseUndoGraphics":true,"negTimeDoesUndo":true,"autoMoveTimeSpeedSlider":false,"balanceSparsity":true,"onlyEndist":false,"setSpeedsToZeroAfterEveryDtMove":false,"freqA":46.893,"ampA":9666.123,"freqB":26.141,"ampB":136079340643011740000,"freqC":23.681,"ampC":1905732.128,"midDist":0.055,"bellAAveMul":0.512,"bellADevMul":0.591,"bellAHeight":-259772785950670550000,"bellBAveMul":0.798,"bellBDevMul":0.297,"bellBHeight":-747176487645015400000,"bellCAveMul":-1.573,"bellCDevMul":0.212,"bellCHeight":-74032749741506380000,"forceMaxResolution":true,"stretchToWindow":true,"canvasElseSvg":true,"isEraseCanvasEachFrame":true,"repelSelf":49280.617,"repelSelfDistance":40.162,"computeSpeed":1.291,"colorSeed":135650394427294,"colorDecayPerSec":0.292,"accelVoxels":[],"endist":"(en,dist,pdist)=>{ let x = 0; let p = o; let nd = p.nearPdist; let near = sigmoid(-5*(dist-nd)); if(dist > o.attractIfFartherThan) x += o.ampAttractIfFartherThan*sqr(dist-o.attractIfFartherThan); x += o.ampStraightIfNear*near*sqr(dist-pdist); let midDist = p.midDist; x += bell(midDist*p.bellAAveMul,midDist*p.bellADevMul,p.bellAHeight,dist); x += bell(midDist*p.bellBAveMul,midDist*p.bellBDevMul,p.bellBHeight,dist); x += bell(midDist*p.bellCAveMul,midDist*p.bellCDevMul,p.bellCHeight,dist); let m=dist*twoPi; x += sin(m*p.freqA)*p.ampA; x += sin(m*p.freqB)*p.ampB; x += sin(m*p.freqC)*p.ampC; x += en; return x; }","name":"snail shell","isOnlyMoveRandomlyPerpendicularToSurface":false,"graphEndistBright":"Math.sqrt","bootShape":"a=>.1*a","lineThick":1,"paintBrightMult":0.999,"paintBrightAdd":3,"brightMultRed":1.01,"brightMultGreen":1.01,"brightMultBlue":1.01,"sameColorness":0.01,"dir":"2"}}