{"timeSaved":1647346238.5029,"options":{"loops":{"timePosition":[0.215,0.497,0.652,0.606,0.293,0.939,1.253,0.564,0.386,2.051,1.067,0.68,2.006,0.763,1.46,1.674,0.75,1.09,0.194,0.873,0.605,1.906,2.631,2.187,2.545,2.211,2.116,1.36,1.312,0.592,0.595,0.133],"bellBHeight":[1.088,0.712,1.103,1.242,0.676,1.05,1.212,0.885],"bellCAveMul":[1.088,0.731,1.146,0.926,0.479,0.89,0.866,0.405],"bellCDevMul":[1.088,0.679,1.08,1.218,0.927,0.677,1.374,0.965],"bellBDevMul":[1.088,0.709,1.114,0.785,0.443,0.945,0.768,0.531],"bellBAveMul":[1.088,0.689,1.082,0.669,0.483,1.047,0.769,0.833],"bellAHeight":[1.088,0.735,1.112,1.233,0.578,1.274,1.013,0.907],"bellADevMul":[1.088,0.625,0.998,0.849,1.592,0.76,0.897,0.76],"bellAAveMul":[1.088,0.638,0.999,0.532,1.092,1.375,1.013,1.416],"maxSpeed":[1.088,0.682,1.083,1.222,0.903,0.705,1.371,0.957]},"brightAddRed":20,"brightAddGreen":20,"brightAddBlue":50,"brightMult":76.759,"accelFieldMul":6.09384304652182e+23,"bootShapeY":0.01,"bootShapeX":0.01,"bootShapeScale":0.475,"nearPdist":0.089,"friction":0,"loopSeconds":39.214,"useTimePosition":true,"timePosition":55.148,"timePositionDecay":1.323,"timeSpeed":6.021,"minPointsPerCurve":82,"maxPointsPerCurve":643,"maxNumPointsPerCurveChangeAtOnce":34,"borderFraction":0.663,"maxSpeed":0.011,"targetDistanceBetweenAdjacentCurvePoints":0.024,"maxCurvesPerReef":10000,"scalePotentialEnergyForce":197190042.945,"ampStraightIfNear":625662931047.901,"maxDistanceToAffectEachother":0.141,"addRandomness":5397086.248,"stayInsideBorderCircleForce":2123181237418096.8,"distanceScale":0.023,"pause":false,"attractIfFartherThan":0.4,"ampAttractIfFartherThan":0.136,"graphEndist":true,"isSurface":true,"displayOuterCircle":true,"ifCanvasUseUndoGraphics":true,"negTimeDoesUndo":true,"autoMoveTimeSpeedSlider":false,"balanceSparsity":true,"onlyEndist":false,"setSpeedsToZeroAfterEveryDtMove":false,"freqA":46.893,"ampA":9666.123,"freqB":26.141,"ampB":136079340643011740000,"freqC":23.681,"ampC":1905732.128,"midDist":0.076,"bellAAveMul":1.521,"bellADevMul":1.034,"bellAHeight":-1.214052868978126e+21,"bellBAveMul":0.216,"bellBDevMul":0.263,"bellBHeight":679963201573823000000,"bellCAveMul":1.541,"bellCDevMul":0.302,"bellCHeight":-184273002503252840000,"forceMaxResolution":true,"stretchToWindow":true,"canvasElseSvg":true,"isEraseCanvasEachFrame":true,"repelSelf":49280.617,"repelSelfDistance":40.162,"computeSpeed":1.291,"colorSeed":167118444274505,"colorDecayPerSec":0.376,"accelVoxels":[0.098,-0.339,0.05,1,0,0,0.295,-0.24,0.05,1,0,0,0.284,-0.24,0.05,1,0,0,0.3,-0.235,0.05,1,0,0,0.362,-0.08,0.05,1,0,0,0.362,-0.075,0.05,1,0,0,0.362,-0.049,0.05,1,0,0,0.321,0.204,0.05,1,0,0,0.321,0.209,0.05,1,0,0,0.191,0.308,0.05,1,0,0,0.372,0.095,0.05,1,0,0,0.077,0.339,0.05,1,0,0],"endist":"(en,dist,pdist)=>{ let x = 0; let p = o; let nd = p.nearPdist; let near = sigmoid(-5*(dist-nd)); if(dist > o.attractIfFartherThan) x += o.ampAttractIfFartherThan*sqr(dist-o.attractIfFartherThan); x += o.ampStraightIfNear*near*sqr(dist-pdist); let midDist = p.midDist; x += bell(midDist*p.bellAAveMul,midDist*p.bellADevMul,p.bellAHeight,dist); x += bell(midDist*p.bellBAveMul,midDist*p.bellBDevMul,p.bellBHeight,dist); x += bell(midDist*p.bellCAveMul,midDist*p.bellCDevMul,p.bellCHeight,dist); let m=dist*twoPi; x += sin(m*p.freqA)*p.ampA; x += sin(m*p.freqB)*p.ampB; x += sin(m*p.freqC)*p.ampC; x += en; return x; }","name":"strange reef ababxyzz - potted plant b","isOnlyMoveRandomlyPerpendicularToSurface":false,"graphEndistBright":"Math.sqrt","bootShape":"a=>.1*a","paintBrightAdd":3,"lineThick":1,"paintBrightMult":0.999,"brightMultRed":1.01,"brightMultGreen":1.01,"brightMultBlue":1.01,"sameColorness":0.01,"dir":"2"}}